{"cameraMode":{"drawMode":0,"name":"Shaded","section":"Shading Mode"},"sceneLighting":false,"audioPlay":false,"sceneViewState":{"showFog":true,"showMaterialUpdate":false,"showSkybox":false,"showFlares":true,"showImageEffects":true,"showParticleSystems":true},"in2DMode":false,"pivot":{"x":0.03720498085021973,"y":-2.814084053039551,"z":-0.32373738288879397},"rotation":{"x":0.07429298013448715,"y":0.031407926231622699,"z":-0.0023412287700921299,"w":0.996740996837616},"size":8.713094711303711,"orthographic":false}